{"cameraMode":{"drawMode":0,"name":"Shaded","section":"Shading Mode"},"sceneLighting":true,"audioPlay":false,"sceneViewState":{"showFog":true,"showMaterialUpdate":false,"showSkybox":true,"showFlares":true,"showImageEffects":true,"showParticleSystems":true},"in2DMode":false,"pivot":{"x":-0.8609945774078369,"y":0.4244098663330078,"z":5.894452095031738},"rotation":{"x":-0.19844454526901246,"y":-0.14117677509784699,"z":0.028896700590848924,"w":-0.969497561454773},"size":8.00450325012207,"orthographic":false}