{"cameraMode":{"drawMode":0,"name":"Shaded","section":"Shading Mode"},"sceneLighting":true,"audioPlay":false,"sceneViewState":{"showFog":true,"showMaterialUpdate":false,"showSkybox":true,"showFlares":true,"showImageEffects":true,"showParticleSystems":true},"in2DMode":false,"pivot":{"x":0.39658451080322268,"y":0.9234151840209961,"z":-0.40211719274520876},"rotation":{"x":-0.41275566816329958,"y":-0.5574463605880737,"z":0.3735714554786682,"w":-0.6159393191337586},"size":6.457885265350342,"orthographic":false}