{"cameraMode":{"drawMode":0,"name":"Shaded","section":"Shading Mode"},"sceneLighting":true,"audioPlay":false,"sceneViewState":{"showFog":true,"showMaterialUpdate":false,"showSkybox":true,"showFlares":true,"showImageEffects":true,"showParticleSystems":true},"in2DMode":false,"pivot":{"x":0.0,"y":0.5000002384185791,"z":-5.960464477539063e-8},"rotation":{"x":-0.19741348922252656,"y":-0.30639201402664187,"z":0.06510606408119202,"w":-0.9289391040802002},"size":6.5080108642578129,"orthographic":false}