{"cameraMode":{"drawMode":0,"name":"Shaded","section":"Shading Mode"},"sceneLighting":false,"audioPlay":false,"sceneViewState":{"showFog":true,"showMaterialUpdate":false,"showSkybox":false,"showFlares":true,"showImageEffects":true,"showParticleSystems":true},"in2DMode":false,"pivot":{"x":0.0038394927978515627,"y":15.789999961853028,"z":0.00014925003051757813},"rotation":{"x":-0.19844454526901246,"y":-0.14117677509784699,"z":0.028896700590848924,"w":-0.969497561454773},"size":2.8345298767089845,"orthographic":false}