{"cameraMode":{"drawMode":0,"name":"Shaded","section":"Shading Mode"},"sceneLighting":false,"audioPlay":false,"sceneViewState":{"showFog":true,"showMaterialUpdate":false,"showSkybox":false,"showFlares":true,"showImageEffects":true,"showParticleSystems":true},"in2DMode":false,"pivot":{"x":0.008687257766723633,"y":16.3439998626709,"z":-0.0027733445167541506},"rotation":{"x":-0.19844454526901246,"y":-0.14117677509784699,"z":0.028896700590848924,"w":-0.969497561454773},"size":4.511905670166016,"orthographic":false}