{"cameraMode":{"drawMode":0,"name":"Shaded","section":"Shading Mode"},"sceneLighting":true,"audioPlay":false,"sceneViewState":{"showFog":true,"showMaterialUpdate":false,"showSkybox":true,"showFlares":true,"showImageEffects":true,"showParticleSystems":true},"in2DMode":false,"pivot":{"x":0.5875430107116699,"y":0.20717620849609376,"z":0.6260143518447876},"rotation":{"x":0.12239028513431549,"y":0.8775799870491028,"z":-0.3297421932220459,"w":0.325895220041275},"size":3.6452341079711916,"orthographic":false}