{"cameraMode":{"drawMode":0,"name":"Shaded","section":"Shading Mode"},"sceneLighting":true,"audioPlay":false,"sceneViewState":{"showFog":true,"showMaterialUpdate":false,"showSkybox":true,"showFlares":true,"showImageEffects":true,"showParticleSystems":true},"in2DMode":false,"pivot":{"x":0.41540491580963137,"y":3.3572769165039064,"z":4.92742919921875},"rotation":{"x":0.2506822347640991,"y":0.029037201777100564,"z":-0.007522686384618282,"w":0.9676101207733154},"size":16.010244369506837,"orthographic":false}