{"cameraMode":{"drawMode":0,"name":"Shaded","section":"Shading Mode"},"sceneLighting":false,"audioPlay":false,"sceneViewState":{"showFog":true,"showMaterialUpdate":false,"showSkybox":false,"showFlares":true,"showImageEffects":true,"showParticleSystems":true},"in2DMode":false,"pivot":{"x":0.8300979137420654,"y":-0.44815874099731448,"z":-1.6059761047363282},"rotation":{"x":0.38398709893226626,"y":-0.5724515318870544,"z":0.34499454498291018,"w":0.6370867490768433},"size":5.056672096252441,"orthographic":false}