{"cameraMode":{"drawMode":0,"name":"Shaded","section":"Shading Mode"},"sceneLighting":false,"audioPlay":false,"sceneViewState":{"showFog":true,"showMaterialUpdate":false,"showSkybox":false,"showFlares":true,"showImageEffects":true,"showParticleSystems":true},"in2DMode":false,"pivot":{"x":2.75,"y":3.500000476837158,"z":-9.550000190734864},"rotation":{"x":-0.33854377269744875,"y":0.31818079948425295,"z":-0.12280844151973725,"w":-0.8769927620887756},"size":2.8578851222991945,"orthographic":false}