{"cameraMode":{"drawMode":0,"name":"Shaded","section":"Shading Mode"},"sceneLighting":true,"audioPlay":false,"sceneViewState":{"showFog":true,"showMaterialUpdate":false,"showSkybox":true,"showFlares":true,"showImageEffects":true,"showParticleSystems":true},"in2DMode":false,"pivot":{"x":-1.0527316331863404,"y":1.5939112901687623,"z":-4.992586612701416},"rotation":{"x":-0.0704410970211029,"y":0.006891417317092419,"z":-0.00046909446245990694,"w":-0.9975054264068604},"size":6.038666248321533,"orthographic":false}