{"cameraMode":{"drawMode":0,"name":"Shaded","section":"Shading Mode"},"sceneLighting":false,"audioPlay":false,"sceneViewState":{"showFog":true,"showMaterialUpdate":false,"showSkybox":false,"showFlares":true,"showImageEffects":true,"showParticleSystems":true},"in2DMode":false,"pivot":{"x":0.2785956859588623,"y":0.28486812114715578,"z":-0.014072775840759278},"rotation":{"x":-0.011924684047698975,"y":-0.9465699791908264,"z":0.3204210102558136,"w":-0.035229820758104327},"size":2.5578854084014894,"orthographic":false}