{"cameraMode":{"drawMode":0,"name":"Shaded","section":"Shading Mode"},"sceneLighting":true,"audioPlay":false,"sceneViewState":{"showFog":true,"showMaterialUpdate":false,"showSkybox":true,"showFlares":true,"showImageEffects":true,"showParticleSystems":true},"in2DMode":false,"pivot":{"x":1.499755859375,"y":1.9374046325683594,"z":2.498875379562378},"rotation":{"x":-0.3602812886238098,"y":-0.6325075030326843,"z":0.4211292266845703,"w":-0.5411425828933716},"size":6.905036449432373,"orthographic":false}